{"Problem": [{"Name": "unknown", "Lower bound": -197.14013117977808, "Upper bound": -197.14013117977808, "Number of objectives": 1, "Number of constraints": 3003, "Number of variables": 1671, "Number of binary variables": 24, "Number of integer variables": 0, "Number of continuous variables": 1647, "Number of nonzeros": null, "Sense": 1, "Number of disjunctions": 9}], "Solver": [{"Name": "GDPopt (22, 5, 13) - GLOA", "Status": "ok", "User time": 109.86025354079902, "Wallclock time": 109.86025354079902, "Termination condition": "optimal", "Iterations": 10, "Timing": {"main_timer_start_time": 5882259.246583796, "mip": 55.95392136275768, "nlp": 19.856684227474034, "integer cut generation": 0.0036544110625982285, "total": 109.86025354079902}}]}