{"Problem": [{"Name": "unknown", "Lower bound": -197.1401312118681, "Upper bound": -197.1401312118681, "Number of objectives": 1, "Number of constraints": 3003, "Number of variables": 1671, "Number of binary variables": 24, "Number of integer variables": 0, "Number of continuous variables": 1647, "Number of nonzeros": null, "Sense": 1, "Number of disjunctions": 9}], "Solver": [{"Name": "GDPopt (22, 5, 13) - GLOA", "Status": "ok", "User time": 119.48097488097847, "Wallclock time": 119.48097488097847, "Termination condition": "optimal", "Iterations": 11, "Timing": {"main_timer_start_time": 5882047.969387609, "mip": 65.32562930416316, "nlp": 21.158689278177917, "integer cut generation": 0.004144181497395039, "total": 119.48097488097847}}]}