{"Problem": [{"Name": "unknown", "Lower bound": -212.00878718478833, "Upper bound": -212.00878718478833, "Number of objectives": 1, "Number of constraints": 3003, "Number of variables": 1671, "Number of binary variables": 24, "Number of integer variables": 0, "Number of continuous variables": 1647, "Number of nonzeros": null, "Sense": 1, "Number of disjunctions": 9}], "Solver": [{"Name": "GDPopt (22, 5, 13) - LOA", "Status": "ok", "User time": 309.42053498048335, "Wallclock time": 309.42053498048335, "Termination condition": "optimal", "Iterations": 30, "Timing": {"main_timer_start_time": 5877472.513420611, "mip": 206.70911736413836, "nlp": 59.423886608332396, "integer cut generation": 0.011085987091064453, "total": 309.42053498048335}}]}