{"Problem": [{"Name": "unknown", "Lower bound": -197.14013137309237, "Upper bound": -197.14013137309237, "Number of objectives": 1, "Number of constraints": 3003, "Number of variables": 1671, "Number of binary variables": 24, "Number of integer variables": 0, "Number of continuous variables": 1647, "Number of nonzeros": null, "Sense": 1, "Number of disjunctions": 9}], "Solver": [{"Name": "GDPopt (22, 5, 13) - GLOA", "Status": "ok", "User time": 91.67189118731767, "Wallclock time": 91.67189118731767, "Termination condition": "optimal", "Iterations": 8, "Timing": {"main_timer_start_time": 5882167.51388049, "mip": 42.252658657729626, "nlp": 15.65145363099873, "integer cut generation": 0.0028839362785220146, "total": 91.67189118731767}}]}