{"Problem": [{"Name": "unknown", "Lower bound": -212.00878715675512, "Upper bound": -212.00878715675512, "Number of objectives": 1, "Number of constraints": 3003, "Number of variables": 1671, "Number of binary variables": 24, "Number of integer variables": 0, "Number of continuous variables": 1647, "Number of nonzeros": null, "Sense": 1, "Number of disjunctions": 9}], "Solver": [{"Name": "GDPopt (22, 5, 13) - LOA", "Status": "ok", "User time": 313.79046605620533, "Wallclock time": 313.79046605620533, "Termination condition": "optimal", "Iterations": 30, "Timing": {"main_timer_start_time": 5878095.216023217, "mip": 207.5778330275789, "nlp": 61.310826575383544, "integer cut generation": 0.011347553692758083, "total": 313.79046605620533}}]}