{"Problem": [{"Name": "unknown", "Lower bound": -212.00878712173994, "Upper bound": -212.00878712173994, "Number of objectives": 1, "Number of constraints": 3003, "Number of variables": 1671, "Number of binary variables": 24, "Number of integer variables": 0, "Number of continuous variables": 1647, "Number of nonzeros": null, "Sense": 1, "Number of disjunctions": 9}], "Solver": [{"Name": "GDPopt (22, 5, 13) - LOA", "Status": "ok", "User time": 313.151637904346, "Wallclock time": 313.151637904346, "Termination condition": "optimal", "Iterations": 30, "Timing": {"main_timer_start_time": 5877781.99996053, "mip": 208.4195843981579, "nlp": 60.02737429458648, "integer cut generation": 0.011226226575672626, "total": 313.151637904346}}]}