{"Problem": [{"Name": "unknown", "Lower bound": -160.0814911579123, "Upper bound": -160.0814911579123, "Number of objectives": 1, "Number of constraints": 2275, "Number of variables": 1299, "Number of binary variables": 18, "Number of integer variables": 0, "Number of continuous variables": 1281, "Number of nonzeros": null, "Sense": 1, "Number of disjunctions": 7}], "Solver": [{"Name": "GDPopt (22, 5, 13) - LOA", "Status": "ok", "User time": 109.88666052184999, "Wallclock time": 109.88666052184999, "Termination condition": "optimal", "Iterations": 15, "Timing": {"main_timer_start_time": 5863327.606687301, "mip": 55.09017194900662, "nlp": 22.5642305938527, "integer cut generation": 0.004605406895279884, "total": 109.88666052184999}}]}