{"Problem": [{"Name": "unknown", "Lower bound": -133.31268929815343, "Upper bound": -133.31268929815343, "Number of objectives": 1, "Number of constraints": 2275, "Number of variables": 1299, "Number of binary variables": 18, "Number of integer variables": 0, "Number of continuous variables": 1281, "Number of nonzeros": null, "Sense": 1, "Number of disjunctions": 7}], "Solver": [{"Name": "GDPopt (22, 5, 13) - GLOA", "Status": "ok", "User time": 44.53709867130965, "Wallclock time": 44.53709867130965, "Termination condition": "optimal", "Iterations": 4, "Timing": {"main_timer_start_time": 5865376.949572362, "mip": 13.647574493661523, "nlp": 5.121700627729297, "integer cut generation": 0.001044739969074726, "total": 44.53709867130965}}]}