{"Problem": [{"Name": "unknown", "Lower bound": -160.08149115855028, "Upper bound": -160.08149115855028, "Number of objectives": 1, "Number of constraints": 2275, "Number of variables": 1299, "Number of binary variables": 18, "Number of integer variables": 0, "Number of continuous variables": 1281, "Number of nonzeros": null, "Sense": 1, "Number of disjunctions": 7}], "Solver": [{"Name": "GDPopt (22, 5, 13) - GLOA", "Status": "ok", "User time": 39.58435785677284, "Wallclock time": 39.58435785677284, "Termination condition": "optimal", "Iterations": 3, "Timing": {"main_timer_start_time": 5865473.49616197, "mip": 10.251621170900762, "nlp": 3.2021592492237687, "integer cut generation": 0.0006823074072599411, "total": 39.58435785677284}}]}