{"Problem": [{"Name": "unknown", "Lower bound": -160.0814911585505, "Upper bound": -160.0814911585505, "Number of objectives": 1, "Number of constraints": 2275, "Number of variables": 1299, "Number of binary variables": 18, "Number of integer variables": 0, "Number of continuous variables": 1281, "Number of nonzeros": null, "Sense": 1, "Number of disjunctions": 7}], "Solver": [{"Name": "GDPopt (22, 5, 13) - LOA", "Status": "ok", "User time": 109.52221947815269, "Wallclock time": 109.52221947815269, "Termination condition": "optimal", "Iterations": 15, "Timing": {"main_timer_start_time": 5863437.543071406, "mip": 54.860792021267116, "nlp": 22.399245271459222, "integer cut generation": 0.004563642665743828, "total": 109.52221947815269}}]}