{"Problem": [{"Name": "unknown", "Lower bound": -126.80258483936316, "Upper bound": -126.80258483936316, "Number of objectives": 1, "Number of constraints": 2275, "Number of variables": 1299, "Number of binary variables": 18, "Number of integer variables": 0, "Number of continuous variables": 1281, "Number of nonzeros": null, "Sense": 1, "Number of disjunctions": 7}], "Solver": [{"Name": "GDPopt (22, 5, 13) - GLOA", "Status": "ok", "User time": 51.456962540745735, "Wallclock time": 51.456962540745735, "Termination condition": "optimal", "Iterations": 5, "Timing": {"main_timer_start_time": 5865421.536448308, "mip": 18.298725408501923, "nlp": 6.560134735889733, "integer cut generation": 0.0013893898576498032, "total": 51.456962540745735}}]}