{"Problem": [{"Name": "unknown", "Lower bound": -160.08149118058554, "Upper bound": -160.08149118058554, "Number of objectives": 1, "Number of constraints": 2275, "Number of variables": 1299, "Number of binary variables": 18, "Number of integer variables": 0, "Number of continuous variables": 1281, "Number of nonzeros": null, "Sense": 1, "Number of disjunctions": 7}], "Solver": [{"Name": "GDPopt (22, 5, 13) - LOA", "Status": "ok", "User time": 108.89074571803212, "Wallclock time": 108.89074571803212, "Termination condition": "optimal", "Iterations": 15, "Timing": {"main_timer_start_time": 5863218.665337182, "mip": 54.48251330945641, "nlp": 22.4346811613068, "integer cut generation": 0.004484466277062893, "total": 108.89074571803212}}]}