{"Problem": [{"Name": "unknown", "Lower bound": -188.44949330048243, "Upper bound": -188.44949330048243, "Number of objectives": 1, "Number of constraints": 2639, "Number of variables": 1485, "Number of binary variables": 21, "Number of integer variables": 0, "Number of continuous variables": 1464, "Number of nonzeros": null, "Sense": 1, "Number of disjunctions": 8}], "Solver": [{"Name": "GDPopt (22, 5, 13) - LOA", "Status": "ok", "User time": 189.42446903605014, "Wallclock time": 189.42446903605014, "Termination condition": "optimal", "Iterations": 22, "Timing": {"main_timer_start_time": 5829513.193263515, "mip": 111.615358998999, "nlp": 40.367726892232895, "integer cut generation": 0.0076380446553230286, "total": 189.42446903605014}}]}