{"Problem": [{"Name": "unknown", "Lower bound": -165.56266341583105, "Upper bound": -165.56266341583105, "Number of objectives": 1, "Number of constraints": 2639, "Number of variables": 1485, "Number of binary variables": 21, "Number of integer variables": 0, "Number of continuous variables": 1464, "Number of nonzeros": null, "Sense": 1, "Number of disjunctions": 8}], "Solver": [{"Name": "GDPopt (22, 5, 13) - GLOA", "Status": "ok", "User time": 43.995688050985336, "Wallclock time": 43.995688050985336, "Termination condition": "optimal", "Iterations": 3, "Timing": {"main_timer_start_time": 5831728.489988558, "mip": 11.055090952664614, "nlp": 3.821252425201237, "integer cut generation": 0.0007639219984412193, "total": 43.995688050985336}}]}