{"Problem": [{"Name": "unknown", "Lower bound": -188.4494934217884, "Upper bound": -188.4494934217884, "Number of objectives": 1, "Number of constraints": 2639, "Number of variables": 1485, "Number of binary variables": 21, "Number of integer variables": 0, "Number of continuous variables": 1464, "Number of nonzeros": null, "Sense": 1, "Number of disjunctions": 8}], "Solver": [{"Name": "GDPopt (22, 5, 13) - LOA", "Status": "ok", "User time": 189.4938453901559, "Wallclock time": 189.4938453901559, "Termination condition": "optimal", "Iterations": 22, "Timing": {"main_timer_start_time": 5829703.71382538, "mip": 114.31626579258591, "nlp": 37.870539891533554, "integer cut generation": 0.0075414665043354034, "total": 189.4938453901559}}]}