{"Problem": [{"Name": "unknown", "Lower bound": -165.56266339316858, "Upper bound": -165.56266339316858, "Number of objectives": 1, "Number of constraints": 2639, "Number of variables": 1485, "Number of binary variables": 21, "Number of integer variables": 0, "Number of continuous variables": 1464, "Number of nonzeros": null, "Sense": 1, "Number of disjunctions": 8}], "Solver": [{"Name": "GDPopt (22, 5, 13) - GLOA", "Status": "ok", "User time": 38.463385039940476, "Wallclock time": 38.463385039940476, "Termination condition": "optimal", "Iterations": 2, "Timing": {"main_timer_start_time": 5831818.322849645, "mip": 7.072464933618903, "nlp": 1.8857264583930373, "integer cut generation": 0.0003703385591506958, "total": 38.463385039940476}}]}