{"Problem": [{"Name": "unknown", "Lower bound": -165.56266339283948, "Upper bound": -165.56266339283948, "Number of objectives": 1, "Number of constraints": 2639, "Number of variables": 1485, "Number of binary variables": 21, "Number of integer variables": 0, "Number of continuous variables": 1464, "Number of nonzeros": null, "Sense": 1, "Number of disjunctions": 8}], "Solver": [{"Name": "GDPopt (22, 5, 13) - GLOA", "Status": "ok", "User time": 44.8502581724897, "Wallclock time": 44.8502581724897, "Termination condition": "optimal", "Iterations": 3, "Timing": {"main_timer_start_time": 5831773.002267946, "mip": 11.105575606226921, "nlp": 3.8512293780222535, "integer cut generation": 0.0007657855749130249, "total": 44.8502581724897}}]}