{"Problem": [{"Name": "unknown", "Lower bound": -188.4494934543343, "Upper bound": -188.4494934543343, "Number of objectives": 1, "Number of constraints": 2639, "Number of variables": 1485, "Number of binary variables": 21, "Number of integer variables": 0, "Number of continuous variables": 1464, "Number of nonzeros": null, "Sense": 1, "Number of disjunctions": 8}], "Solver": [{"Name": "GDPopt (22, 5, 13) - LOA", "Status": "ok", "User time": 188.49048336595297, "Wallclock time": 188.49048336595297, "Termination condition": "optimal", "Iterations": 22, "Timing": {"main_timer_start_time": 5829323.677821376, "mip": 112.48321155272424, "nlp": 38.55180681683123, "integer cut generation": 0.007478242740035057, "total": 188.49048336595297}}]}