{"Problem": [{"Name": "unknown", "Lower bound": -52.79222624530854, "Upper bound": -52.79222624530854, "Number of objectives": 1, "Number of constraints": 1547, "Number of variables": 927, "Number of binary variables": 12, "Number of integer variables": 0, "Number of continuous variables": 915, "Number of nonzeros": null, "Sense": 1, "Number of disjunctions": 5}], "Solver": [{"Name": "GDPopt (22, 5, 13) - LOA", "Status": "ok", "User time": 31.856126066297293, "Wallclock time": 31.856126066297293, "Termination condition": "optimal", "Iterations": 4, "Timing": {"main_timer_start_time": 5859612.761100771, "mip": 7.22283607814461, "nlp": 3.1359427850693464, "integer cut generation": 0.0008038198575377464, "total": 31.856126066297293}}]}