{"Problem": [{"Name": "unknown", "Lower bound": -52.792226246228, "Upper bound": -52.792226246228, "Number of objectives": 1, "Number of constraints": 1547, "Number of variables": 927, "Number of binary variables": 12, "Number of integer variables": 0, "Number of continuous variables": 915, "Number of nonzeros": null, "Sense": 1, "Number of disjunctions": 5}], "Solver": [{"Name": "GDPopt (22, 5, 13) - GLOA", "Status": "ok", "User time": 32.74816759489477, "Wallclock time": 32.74816759489477, "Termination condition": "optimal", "Iterations": 4, "Timing": {"main_timer_start_time": 5860628.629225326, "mip": 10.010931727476418, "nlp": 3.6880018766969442, "integer cut generation": 0.0008931206539273262, "total": 32.74816759489477}}]}