{"Problem": [{"Name": "unknown", "Lower bound": -52.792226226301004, "Upper bound": -52.792226226301004, "Number of objectives": 1, "Number of constraints": 1547, "Number of variables": 927, "Number of binary variables": 12, "Number of integer variables": 0, "Number of continuous variables": 915, "Number of nonzeros": null, "Sense": 1, "Number of disjunctions": 5}], "Solver": [{"Name": "GDPopt (22, 5, 13) - LOA", "Status": "ok", "User time": 30.85902765020728, "Wallclock time": 30.85902765020728, "Termination condition": "optimal", "Iterations": 4, "Timing": {"main_timer_start_time": 5859675.717220089, "mip": 7.293048681691289, "nlp": 3.1345668332651258, "integer cut generation": 0.0007866555824875832, "total": 30.85902765020728}}]}