{"Problem": [{"Name": "unknown", "Lower bound": -52.79222622571919, "Upper bound": -52.79222622571919, "Number of objectives": 1, "Number of constraints": 1547, "Number of variables": 927, "Number of binary variables": 12, "Number of integer variables": 0, "Number of continuous variables": 915, "Number of nonzeros": null, "Sense": 1, "Number of disjunctions": 5}], "Solver": [{"Name": "GDPopt (22, 5, 13) - LOA", "Status": "ok", "User time": 31.023191014304757, "Wallclock time": 31.023191014304757, "Termination condition": "optimal", "Iterations": 4, "Timing": {"main_timer_start_time": 5859644.655161032, "mip": 7.199115824885666, "nlp": 3.244285397231579, "integer cut generation": 0.0008717300370335579, "total": 31.023191014304757}}]}