{"Problem": [{"Name": "unknown", "Lower bound": -52.79222622622424, "Upper bound": -52.79222622622424, "Number of objectives": 1, "Number of constraints": 1547, "Number of variables": 927, "Number of binary variables": 12, "Number of integer variables": 0, "Number of continuous variables": 915, "Number of nonzeros": null, "Sense": 1, "Number of disjunctions": 5}], "Solver": [{"Name": "GDPopt (22, 5, 13) - GLOA", "Status": "ok", "User time": 32.86580244079232, "Wallclock time": 32.86580244079232, "Termination condition": "optimal", "Iterations": 4, "Timing": {"main_timer_start_time": 5860694.734311977, "mip": 9.940844215452671, "nlp": 3.5786817725747824, "integer cut generation": 0.0008483119308948517, "total": 32.86580244079232}}]}