{"Problem": [{"Name": "unknown", "Lower bound": -52.79222622571858, "Upper bound": -52.79222622571858, "Number of objectives": 1, "Number of constraints": 1547, "Number of variables": 927, "Number of binary variables": 12, "Number of integer variables": 0, "Number of continuous variables": 915, "Number of nonzeros": null, "Sense": 1, "Number of disjunctions": 5}], "Solver": [{"Name": "GDPopt (22, 5, 13) - GLOA", "Status": "ok", "User time": 33.28151789866388, "Wallclock time": 33.28151789866388, "Termination condition": "optimal", "Iterations": 4, "Timing": {"main_timer_start_time": 5860661.414768857, "mip": 9.961487219668925, "nlp": 3.6311933854594827, "integer cut generation": 0.0008497759699821472, "total": 33.28151789866388}}]}