{"Problem": [{"Name": "unknown", "Lower bound": -122.4237212359345, "Upper bound": -122.4237212359345, "Number of objectives": 1, "Number of constraints": 1911, "Number of variables": 1113, "Number of binary variables": 15, "Number of integer variables": 0, "Number of continuous variables": 1098, "Number of nonzeros": null, "Sense": 1, "Number of disjunctions": 6}], "Solver": [{"Name": "GDPopt (22, 5, 13) - GLOA", "Status": "ok", "User time": 60.94651939533651, "Wallclock time": 60.94651939533651, "Termination condition": "optimal", "Iterations": 8, "Timing": {"main_timer_start_time": 5825122.147233591, "mip": 28.16004293784499, "nlp": 10.278948345221579, "integer cut generation": 0.0022609448060393333, "total": 60.94651939533651}}]}