{"Problem": [{"Name": "unknown", "Lower bound": -122.42372120992009, "Upper bound": -122.42372120992009, "Number of objectives": 1, "Number of constraints": 1911, "Number of variables": 1113, "Number of binary variables": 15, "Number of integer variables": 0, "Number of continuous variables": 1098, "Number of nonzeros": null, "Sense": 1, "Number of disjunctions": 6}], "Solver": [{"Name": "GDPopt (22, 5, 13) - LOA", "Status": "ok", "User time": 61.04413112811744, "Wallclock time": 61.04413112811744, "Termination condition": "optimal", "Iterations": 9, "Timing": {"main_timer_start_time": 5824075.690079326, "mip": 22.891745730303228, "nlp": 11.406262312084436, "integer cut generation": 0.0023966291919350624, "total": 61.04413112811744}}]}