{"Problem": [{"Name": "unknown", "Lower bound": -122.42372123577928, "Upper bound": -122.42372123577928, "Number of objectives": 1, "Number of constraints": 1911, "Number of variables": 1113, "Number of binary variables": 15, "Number of integer variables": 0, "Number of continuous variables": 1098, "Number of nonzeros": null, "Sense": 1, "Number of disjunctions": 6}], "Solver": [{"Name": "GDPopt (22, 5, 13) - LOA", "Status": "ok", "User time": 59.70998958405107, "Wallclock time": 59.70998958405107, "Termination condition": "optimal", "Iterations": 9, "Timing": {"main_timer_start_time": 5824015.936395308, "mip": 22.47355072759092, "nlp": 11.011691268533468, "integer cut generation": 0.0027061374858021736, "total": 59.70998958405107}}]}