{"Problem": [{"Name": "unknown", "Lower bound": -122.42372121593748, "Upper bound": -122.42372121593748, "Number of objectives": 1, "Number of constraints": 1911, "Number of variables": 1113, "Number of binary variables": 15, "Number of integer variables": 0, "Number of continuous variables": 1098, "Number of nonzeros": null, "Sense": 1, "Number of disjunctions": 6}], "Solver": [{"Name": "GDPopt (22, 5, 13) - GLOA", "Status": "ok", "User time": 68.26495916303247, "Wallclock time": 68.26495916303247, "Termination condition": "optimal", "Iterations": 9, "Timing": {"main_timer_start_time": 5825183.137700544, "mip": 33.576512661762536, "nlp": 11.655176532454789, "integer cut generation": 0.0026021404191851616, "total": 68.26495916303247}}]}