{"Problem": [{"Name": "unknown", "Lower bound": -122.42372121584245, "Upper bound": -122.42372121584245, "Number of objectives": 1, "Number of constraints": 1911, "Number of variables": 1113, "Number of binary variables": 15, "Number of integer variables": 0, "Number of continuous variables": 1098, "Number of nonzeros": null, "Sense": 1, "Number of disjunctions": 6}], "Solver": [{"Name": "GDPopt (22, 5, 13) - GLOA", "Status": "ok", "User time": 61.06310511287302, "Wallclock time": 61.06310511287302, "Termination condition": "optimal", "Iterations": 8, "Timing": {"main_timer_start_time": 5825252.0004021, "mip": 28.265823647379875, "nlp": 10.312360814772546, "integer cut generation": 0.002267790026962757, "total": 61.06310511287302}}]}