{"Problem": [{"Name": "unknown", "Lower bound": -122.42372121584242, "Upper bound": -122.42372121584242, "Number of objectives": 1, "Number of constraints": 1911, "Number of variables": 1113, "Number of binary variables": 15, "Number of integer variables": 0, "Number of continuous variables": 1098, "Number of nonzeros": null, "Sense": 1, "Number of disjunctions": 6}], "Solver": [{"Name": "GDPopt (22, 5, 13) - LOA", "Status": "ok", "User time": 59.78526632953435, "Wallclock time": 59.78526632953435, "Termination condition": "optimal", "Iterations": 9, "Timing": {"main_timer_start_time": 5824136.776601354, "mip": 22.785560930147767, "nlp": 10.83658461458981, "integer cut generation": 0.0023849057033658028, "total": 59.78526632953435}}]}